feature,non_null_count,non_null_ratio,mean,std
molecular_weight,198,1.0,168.4534595959596,82.86370504939775
rotatable_bonds,198,1.0,5.095959595959596,5.078658825953998
H_bond_donors,198,1.0,0.4797979797979798,0.7032166554941841
H_bond_acceptors,198,1.0,1.9494949494949494,1.3243041453976916
logP,198,1.0,2.082020202020202,2.034241139791012
TPSA,198,1.0,28.314797979797984,20.356783793263638
boiling_point,198,1.0,227.52338383838386,271.4940732115512
melting_point,198,1.0,25.106666666666666,211.51259089857854
